{
  "Level0": {
    "Lines": [
      0,1,0,0,0,4,0,0,
      0,2,0,0,4,4,0,4,
      0,3,0,0,0,0,0,4,
      0,4,4,0,0,4,0,4,
      1,3,0,0,0,0,4,0,
      1,4,4,0,0,4,4,0,
      2,3,0,0,4,0,4,4,
      2,4,4,0,4,4,4,4,
      5,1,0,4,0,4,4,0,
      5,2,0,4,4,4,4,4,
      5,3,0,4,0,0,4,4,
      5,4,4,4,0,4,4,4
    ],
    "Faces": [
      6,

      4,2,1,0,

      0,0,0,0,0,
      0,0,4,0,0,
      4,0,4,0,0,
      4,0,0,0,0,
      2,1,0,
      2,0,3,

      4,2,5,0,

      0,0,0,0,0,
      0,4,0,0,0,
      4,4,0,0,0,
      4,0,0,0,0,
      0,1,2,
      0,2,3,

      4,2,4,0,

      4,0,4,0,0,
      4,4,4,0,0,
      0,4,4,0,0,
      0,0,4,0,0,
      0,1,2,
      0,2,3,

      4,2,2,0,

      0,0,4,0,0,
      0,4,4,0,0,
      0,4,0,0,0,
      0,0,0,0,0,
      0,1,2,
      0,2,3,

      4,2,3,0,

      4,0,0,0,0,
      4,4,0,0,0,
      4,4,4,0,0,
      4,0,4,0,0,
      0,1,2,
      0,2,3,

      4,2,0,0,

      0,4,0,0,0,
      0,4,4,0,0,
      4,4,4,0,0,
      4,4,0,0,0,
      0,1,2,
      0,2,3
    ]
  },

  "Level1": {
    "Lines": [
      0,1,0,0,0,4,0,0,
      0,2,0,0,4,4,0,4,
      0,3,0,0,0,0,0,4,
      0,4,4,0,0,4,0,4,
      1,3,0,0,0,0,4,0,
      1,4,4,0,0,4,4,0,
      2,3,0,0,4,0,4,4,
      2,4,4,0,4,4,4,4,
      5,1,0,4,0,4,4,0,
      5,2,0,4,4,4,4,4,
      5,3,0,4,0,0,4,4,
      5,4,4,4,0,4,4,4
    ],
    "Faces": [
      6,

      4,2,1,1,

      0,0,0,0.8129,0.7824,
      0,0,4,0.8129,0.9560,
      4,0,4,0.6645,0.9560,
      4,0,0,0.6645,0.7824,
      2,1,0,
      2,0,3,

      4,2,5,0,

      0,0,0,0,0,
      0,4,0,0,0,
      4,4,0,0,0,
      4,0,0,0,0,
      0,1,2,
      0,2,3,

      4,2,4,0,

      4,0,4,0,0,
      4,4,4,0,0,
      0,4,4,0,0,
      0,0,4,0,0,
      0,1,2,
      0,2,3,

      4,2,2,1,

      0,0,4,0.3487,0.9560,
      0,4,4,0.4972,0.9560,
      0,4,0,0.4972,0.7824,
      0,0,0,0.3487,0.7824,
      0,1,2,
      0,2,3,

      4,2,3,1,

      4,0,0,0.3393,0.7824,
      4,4,0,0.1900,0.7824,
      4,4,4,0.1900,0.9560,
      4,0,4,0.3393,0.9560,
      0,1,2,
      0,2,3,

      4,2,0,1,

      0,4,0,0.3487,0.2287,
      0,4,4,0.3487,0.4022,
      4,4,4,0.4972,0.4022,
      4,4,0,0.4972,0.2287,
      0,1,2,
      0,2,3
    ]
  },

  "Level2": {
    "Lines": [
      0,1,0,0,0,4,0,0,
      0,2,0,0,4,4,0,4,
      0,3,0,0,0,0,0,4,
      0,4,4,0,0,4,0,4,
      1,3,0,0,0,0,4,0,
      1,4,4,0,0,4,4,0,
      2,3,0,0,4,0,4,4,
      2,4,4,0,4,4,4,4,
      5,1,0,4,0,4,4,0,
      5,2,0,4,4,4,4,4,
      5,3,0,4,0,0,4,4,
      5,4,4,4,0,4,4,4
    ],
    "Faces": [
      6,

      4,2,1,1,

      0,0,0,0.8129,0.7824,
      0,0,4,0.8129,0.9560,
      4,0,4,0.6645,0.9560,
      4,0,0,0.6645,0.7824,
      2,1,0,
      2,0,3,

      4,2,5,0,

      0,0,0,0,0,
      0,4,0,0,0,
      4,4,0,0,0,
      4,0,0,0,0,
      0,1,2,
      0,2,3,

      4,2,4,0,

      4,0,4,0,0,
      4,4,4,0,0,
      0,4,4,0,0,
      0,0,4,0,0,
      0,1,2,
      0,2,3,

      4,2,2,1,

      0,0,4,0.3487,0.9560,
      0,4,4,0.4972,0.9560,
      0,4,0,0.4972,0.7824,
      0,0,0,0.3487,0.7824,
      0,1,2,
      0,2,3,

      4,2,3,1,

      4,0,0,0.3393,0.7824,
      4,4,0,0.1900,0.7824,
      4,4,4,0.1900,0.9560,
      4,0,4,0.3393,0.9560,
      0,1,2,
      0,2,3,

      4,2,0,1,

      0,4,0,0.3487,0.2287,
      0,4,4,0.3487,0.4022,
      4,4,4,0.4972,0.4022,
      4,4,0,0.4972,0.2287,
      0,1,2,
      0,2,3
    ]
  },

  "Level3": {
      "Lines": [
            0,1,0,0,0,6,0,0,
            0,2,0,0,2,6,0,2,
            0,3,0,0,0,0,0,2,
            0,4,6,0,0,6,0,2,
            1,3,0,0,0,0,4,0,
            1,4,6,0,0,6,4,0,
            2,3,0,0,2,0,4,2,
            2,4,6,0,2,6,4,2,
            8,1,2,2,0,4,2,0,
            8,2,2,2,2,4,2,2,
            8,7,2,2,0,2,2,2,
            8,9,4,2,0,4,2,2,
            7,1,2,2,0,2,4,0,
            7,2,2,2,2,2,4,2,
            9,1,4,2,0,4,4,0,
            9,2,4,2,2,4,4,2,
            5,1,0,4,0,2,4,0,
            5,2,0,4,2,2,4,2,
            5,3,0,4,0,0,4,2,
            5,7,2,4,0,2,4,2,
            6,1,4,4,0,6,4,0,
            6,2,4,4,2,6,4,2,
            6,4,6,4,0,6,4,2,
            6,9,4,4,0,4,4,2
      ],
      "Faces": [
            10,
            
            4,2,1,0,

            0,0,0,0,0,
            0,0,2,0,0,
            6,0,2,0,0,
            6,0,0,0,0,
            2,1,0,
            3,2,0,

            

            8,6,5,0,

            0,0,0,0,0,
            0,4,0,0,0,
            2,4,0,0,0,
            2,2,0,0,0,
            4,2,0,0,0,
            4,4,0,0,0,
            6,4,0,0,0,
            6,0,0,0,0,
            0,1,2,
            0,2,3,
            0,3,4,
            4,5,6,
            4,6,7,
            4,7,0,

            
            8,6,4,0,

            0,0,2,0,0,
            0,4,2,0,0,
            2,4,2,0,0,
            2,2,2,0,0,
            4,2,2,0,0,
            4,4,2,0,0,
            6,4,2,0,0,
            6,0,2,0,0,
            2,1,0,
            3,2,0,
            4,3,0,
            6,5,4,
            7,6,4,
            0,7,4,

            
            4,2,2,0,

            0,0,0,0,0,
            0,0,2,0,0,
            0,4,2,0,0,
            0,4,0,0,0,
            0,1,2,
            0,2,3,

            
            4,2,3,0,

            6,0,0,0,0,
            6,4,0,0,0,
            6,4,2,0,0,
            6,0,2,0,0,
            0,1,2,
            0,2,3,

            
            4,2,0,2,

            0,4,0,0,0,
            0,4,2,0,1,
            2,4,2,1,1,
            2,4,0,1,0,
            0,1,2,
            0,2,3,

            
            4,2,0,0,

            4,4,0,0,0,
            4,4,2,0,0,
            6,4,2,0,0,
            6,4,0,0,0,
            0,1,2,
            0,2,3,

            
            4,2,3,0,

            2,2,0,0,0,
            2,4,0,0,0,
            2,4,2,0,0,
            2,2,2,0,0,
            0,1,2,
            0,2,3,

            
            4,2,0,0,

            2,2,0,0,0,
            2,2,2,0,0,
            4,2,2,0,0,
            4,2,0,0,0,
            0,1,2,
            0,2,3,

            
            4,2,2,0,

            4,2,2,0,0,
            4,4,2,0,0,
            4,4,0,0,0,
            4,2,0,0,0,
            0,1,2,
            0,2,3
      ]
  },
  
  "Level4": {
      "Lines": [
            0,1,0,0,0,6,0,0,
            0,2,0,0,2,6,0,2,
            0,3,0,0,0,0,0,2,
            0,4,6,0,0,6,0,2,
            1,3,0,0,0,0,4,0,
            1,4,6,0,0,6,4,0,
            2,3,0,0,2,0,4,2,
            2,4,6,0,2,6,4,2,
            8,1,2,2,0,4,2,0,
            8,2,2,2,2,4,2,2,
            8,7,2,2,0,2,2,2,
            8,9,4,2,0,4,2,2,
            7,1,2,2,0,2,4,0,
            7,2,2,2,2,2,4,2,
            9,1,4,2,0,4,4,0,
            9,2,4,2,2,4,4,2,
            5,1,0,4,0,2,4,0,
            5,2,0,4,2,2,4,2,
            5,3,0,4,0,0,4,2,
            5,7,2,4,0,2,4,2,
            6,1,4,4,0,6,4,0,
            6,2,4,4,2,6,4,2,
            6,4,6,4,0,6,4,2,
            6,9,4,4,0,4,4,2
      ],
      "Faces": [
            10,
            
            4,2,1,0,

            0,0,0,0,0,
            0,0,2,0,0,
            6,0,2,0,0,
            6,0,0,0,0,
            2,1,0,
            3,2,0,

            

            8,6,5,0,

            0,0,0,0,0,
            0,4,0,0,0,
            2,4,0,0,0,
            2,2,0,0,0,
            4,2,0,0,0,
            4,4,0,0,0,
            6,4,0,0,0,
            6,0,0,0,0,
            0,1,2,
            0,2,3,
            0,3,4,
            4,5,6,
            4,6,7,
            4,7,0,

            
            8,6,4,0,

            0,0,2,0,0,
            0,4,2,0,0,
            2,4,2,0,0,
            2,2,2,0,0,
            4,2,2,0,0,
            4,4,2,0,0,
            6,4,2,0,0,
            6,0,2,0,0,
            2,1,0,
            3,2,0,
            4,3,0,
            6,5,4,
            7,6,4,
            0,7,4,

            
            4,2,2,0,

            0,0,0,0,0,
            0,0,2,0,0,
            0,4,2,0,0,
            0,4,0,0,0,
            0,1,2,
            0,2,3,

            
            4,2,3,0,

            6,0,0,0,0,
            6,4,0,0,0,
            6,4,2,0,0,
            6,0,2,0,0,
            0,1,2,
            0,2,3,

            
            4,2,0,2,

            0,4,0,0,0,
            0,4,2,0,1,
            2,4,2,1,1,
            2,4,0,1,0,
            0,1,2,
            0,2,3,

            
            4,2,0,0,

            4,4,0,0,0,
            4,4,2,0,0,
            6,4,2,0,0,
            6,4,0,0,0,
            0,1,2,
            0,2,3,

            
            4,2,3,0,

            2,2,0,0,0,
            2,4,0,0,0,
            2,4,2,0,0,
            2,2,2,0,0,
            0,1,2,
            0,2,3,

            
            4,2,0,0,

            2,2,0,0,0,
            2,2,2,0,0,
            4,2,2,0,0,
            4,2,0,0,0,
            0,1,2,
            0,2,3,

            
            4,2,2,0,

            4,2,2,0,0,
            4,4,2,0,0,
            4,4,0,0,0,
            4,2,0,0,0,
            0,1,2,
            0,2,3
      ]
  },

  "Level5": {
      "Lines": [
            0,1,0,0,0,4,0,0,
            0,3,0,0,0,0,0,4,
            0,2,0,0,4,4,0,4,
            0,4,4,0,4,4,0,0,
            1,3,0,0,0,0,2,0,
            3,2,0,0,4,0,4,4,
            2,4,4,0,4,4,4,4,
            4,1,4,0,0,4,4,0,
            5,6,0,2,3,4,2,3,
            5,7,2,2,1,4,2,1,
            5,8,2,2,1,2,2,0,
            5,1,0,2,0,2,2,0,
            5,3,0,2,0,0,2,3,
            5,4,4,2,1,4,2,3,
            6,3,0,2,3,0,4,3,
            6,4,4,2,3,4,4,3,
            7,4,4,2,1,4,4,1,
            7,8,2,2,1,2,4,1,
            8,1,2,2,0,2,4,0,
            9,3,0,4,3,0,4,4,
            9,2,0,4,4,4,4,4,
            9,4,4,4,4,4,4,3,
            9,6,4,4,3,0,4,3,
            10,1,2,4,0,4,4,0,
            10,8,2,4,0,2,4,1,
            10,7,2,4,1,4,4,1,
            10,4,4,4,1,4,4,0
      ],
      "Faces": [
            11,

            4, 2, 1,0,

            0,0,0,0,0,
            0,0,4,0,0,
            4,0,4,0,0,
            4,0,0,0,0,
            2,1,0,
            2,0,3,

            6,4,5,0,

            0,0,0,0,0,
            0,2,0,0,0,
            2,2,0,0,0,
            2,4,0,0,0,
            4,4,0,0,0,
            4,0,0,0,0,
            0,1,5,
            1,2,5,
            2,3,4,
            2,4,5,

            4,2,4,0,

            0,0,4,0,0,
            0,4,4,0,0,
            4,4,4,0,0,
            4,0,4,0,0,
            2,1,0,
            2,0,3,

            6,4,2,0,

            0,0,4,0,0,
            0,4,4,0,0,
            0,4,3,0,0,
            0,2,3,0,0,
            0,2,0,0,0,
            0,0,0,0,0,
            0,1,2,
            0,2,3,
            0,3,5,
            3,4,5,

            8,6,3,0,

            4,0,0,0,0,
            4,4,0,0,0,
            4,4,1,0,0,
            4,2,1,0,0,
            4,2,3,0,0,
            4,4,3,0,0,
            4,4,4,0,0,
            4,0,4,0,0,
            0,1,2,
            0,2,3,
            0,3,7,
            7,3,4,
            7,4,5,
            7,5,6,

            6,4,0,0,

            0,2,0,0,0,
            0,2,3,0,0,
            4,2,3,0,0,
            4,2,1,0,0,
            2,2,1,0,0,
            2,2,0,0,0,
            0,1,2,
            0,2,4,
            0,4,5,
            4,2,3,

            4,2,5,0,

            0,2,3,0,0,
            0,4,3,0,0,
            4,4,3,0,0,
            4,2,3,0,0,
            0,1,2,
            0,2,3,

            4,2,4,0,

            2,2,1,0,0,
            2,4,1,0,0,
            4,4,1,0,0,
            4,2,1,0,0,
            2,1,0,
            2,0,3,

            4,2,2,0,

            2,2,0,0,0,
            2,2,1,0,0,
            2,4,1,0,0,
            2,4,0,0,0,
            0,1,2,
            0,2,3,

            4,2,0,0,
            
            0,4,3,0,0,
            0,4,4,0,0,
            4,4,4,0,0,
            4,4,3,0,0,
            0,1,2,
            0,2,3,

            4,2,0,0,

            2,4,0,0,0,
            2,4,1,0,0,
            4,4,1,0,0,
            4,4,0,0,0,
            0,1,2,
            0,2,3
      ]
  },

  "Level6": {
      "Lines": [
            0,1,0,0,0,4,0,0,
            0,3,0,0,0,0,0,4,
            0,2,0,0,4,4,0,4,
            0,4,4,0,4,4,0,0,
            1,3,0,0,0,0,2,0,
            3,2,0,0,4,0,4,4,
            2,4,4,0,4,4,4,4,
            4,1,4,0,0,4,4,0,
            5,6,0,2,3,4,2,3,
            5,7,2,2,1,4,2,1,
            5,8,2,2,1,2,2,0,
            5,1,0,2,0,2,2,0,
            5,3,0,2,0,0,2,3,
            5,4,4,2,1,4,2,3,
            6,3,0,2,3,0,4,3,
            6,4,4,2,3,4,4,3,
            7,4,4,2,1,4,4,1,
            7,8,2,2,1,2,4,1,
            8,1,2,2,0,2,4,0,
            9,3,0,4,3,0,4,4,
            9,2,0,4,4,4,4,4,
            9,4,4,4,4,4,4,3,
            9,6,4,4,3,0,4,3,
            10,1,2,4,0,4,4,0,
            10,8,2,4,0,2,4,1,
            10,7,2,4,1,4,4,1,
            10,4,4,4,1,4,4,0
      ],
      "Faces": [
            11,

            4, 2, 1,0,

            0,0,0,0,0,
            0,0,4,0,0,
            4,0,4,0,0,
            4,0,0,0,0,
            2,1,0,
            2,0,3,

            6,4,5,0,

            0,0,0,0,0,
            0,2,0,0,0,
            2,2,0,0,0,
            2,4,0,0,0,
            4,4,0,0,0,
            4,0,0,0,0,
            0,1,5,
            1,2,5,
            2,3,4,
            2,4,5,

            4,2,4,0,

            0,0,4,0,0,
            0,4,4,0,0,
            4,4,4,0,0,
            4,0,4,0,0,
            2,1,0,
            2,0,3,

            6,4,2,0,

            0,0,4,0,0,
            0,4,4,0,0,
            0,4,3,0,0,
            0,2,3,0,0,
            0,2,0,0,0,
            0,0,0,0,0,
            0,1,2,
            0,2,3,
            0,3,5,
            3,4,5,

            8,6,3,0,

            4,0,0,0,0,
            4,4,0,0,0,
            4,4,1,0,0,
            4,2,1,0,0,
            4,2,3,0,0,
            4,4,3,0,0,
            4,4,4,0,0,
            4,0,4,0,0,
            0,1,2,
            0,2,3,
            0,3,7,
            7,3,4,
            7,4,5,
            7,5,6,

            6,4,0,0,

            0,2,0,0,0,
            0,2,3,0,0,
            4,2,3,0,0,
            4,2,1,0,0,
            2,2,1,0,0,
            2,2,0,0,0,
            0,1,2,
            0,2,4,
            0,4,5,
            4,2,3,

            4,2,5,0,

            0,2,3,0,0,
            0,4,3,0,0,
            4,4,3,0,0,
            4,2,3,0,0,
            0,1,2,
            0,2,3,

            4,2,4,0,

            2,2,1,0,0,
            2,4,1,0,0,
            4,4,1,0,0,
            4,2,1,0,0,
            2,1,0,
            2,0,3,

            4,2,2,0,

            2,2,0,0,0,
            2,2,1,0,0,
            2,4,1,0,0,
            2,4,0,0,0,
            0,1,2,
            0,2,3,

            4,2,0,0,
            
            0,4,3,0,0,
            0,4,4,0,0,
            4,4,4,0,0,
            4,4,3,0,0,
            0,1,2,
            0,2,3,

            4,2,0,0,

            2,4,0,0,0,
            2,4,1,0,0,
            4,4,1,0,0,
            4,4,0,0,0,
            0,1,2,
            0,2,3
      ]
  }
}
