{
    "0" : {
        "position": [0, 0 ,0],
        "dimension": [4, 4, 4],
        "color": [1, 0.8, 1, 1],
        "puzzle type": "none"
    },
    "1" : {
        "position": [4,0,0],
        "dimension": [2,2,2],
        "color": [1,1,0,1],
        "puzzle type": "cube shift"
    },
    "2" : {
        "position": [-1,-1,0],
        "dimension": [2,1,1],
        "color": [1,1,0,1],
        "puzzle type": "block builder"
    },
    "3" : {
        "position": [0,0,4],
        "dimension": [1,1,1],
        "color": [1,1,0,1],
        "puzzle type": "block builder"
    },
    "4" : {
        "position": [6,0,0],
        "dimension": [1,1,1],
        "color": [1,1,0,1],
        "puzzle type": "block builder"
    },
	"5" : {
        "position": [3,-1,3],
        "dimension": [1,1,1],
        "color": [0.9,0.6,0.5,1],
        "puzzle type": "view point"
    },
	 "6" : {
        "position": [-1,-1,-1],
        "dimension": [2,1,1],
        "color": [1,0.8,0.5,1],
        "puzzle type": "plane exploration"
    },
  "7": {
    "position": [ -2, -1, -1 ],
    "dimension": [ 1, 1, 1 ],
    "color": [ 0.2, 0.3, 0.5, 1 ],
    "puzzle type": "transform limitation"
  },
  "8": {
    "position": [ 6,2,1],
    "dimension": [ 1, 1, 1 ],
    "color": [ 0.2, 0.4, 0.6, 1 ],
    "puzzle type": "Unfolding"
  }
}
