{
    "0" : {
        "position": [0, 0 ,0],
        "dimension": [2, 2, 2],
        "color": [1, 0.8, 1, 1],
        "puzzle type": "none"
    },
    "1" : {
        "position": [2,0,0],
        "dimension": [1,1,1],
        "color": [1,1,0,1],
        "puzzle type": "block builder"
    },
    "2" : {
        "position": [3,0,0],
        "dimension": [1,1,1],
        "color": [1,1,0,1],
        "puzzle type": "block builder"
    },
    "3" : {
        "position": [0,0,2],
        "dimension": [1,1,1],
        "color": [1,1,0,1],
        "puzzle type": "cube shift"
    },
    "4" : {
        "position": [0,0,-1],
        "dimension": [1,1,1],
        "color": [1,1,0,1],
        "puzzle type": "revolution solid"
    },
	"5" : {
        "position": [0,-1,0],
        "dimension": [1,1,1],
        "color": [0.9,0.6,0.5,1],
        "puzzle type": "view point"
    },
	 "6" : {
        "position": [0,-1,1],
        "dimension": [1,1,1],
        "color": [1,0.8,0.5,1],
        "puzzle type": "plane exploration"
    },
	 "7" : {
        "position": [1,-1,0],
        "dimension": [1,1,1],
        "color": [0.2,0.3,0.5,1],
        "puzzle type": "transform limitation"
    },
  "8": {
    "position": [ 1, -1, 1 ],
    "dimension": [ 1, 1, 1 ],
    "color": [ 0.2, 0.3, 0.5, 1 ],
    "puzzle type": "CSG"
  },
  "9": {
    "position": [ 2, 0, 1 ],
    "dimension": [ 1, 1, 1 ],
    "color": [ 0.2, 0.4, 0.6, 1 ],
    "puzzle type": "Unfolding"
  },
  "10": {
    "position": [ 3, 0, 1 ],
    "dimension": [ 1, 1, 1 ],
    "color": [ 0.2, 0.4, 0.6, 1 ],
    "puzzle type": "Unfolding"
  },
  "11": {
    "position": [ 4, 0, 1 ],
    "dimension": [ 1, 1, 1 ],
    "color": [ 0.2, 0.4, 0.6, 1 ],
    "puzzle type": "Unfolding"
  }
}
