{
    "0" : {
        "position": [0, 0 ,0],
        "dimension": [3, 3, 3],
        "color": [1, 0.8, 1, 1],
        "puzzle type": "none",
        "unlock on start": [1]
    },
    "1" : {
        "position" : [2, 0, -1],
        "dimension": [ 1, 1, 1 ],
        "color": [ 0.2, 0.3, 0.5, 1 ],
        "puzzle type": "transform limitation",
        "doors to unlock": [[1,2]],

        "levelNum": 1,
        "levels":{
            "0":{
                "blockNum": 3,
                "baicSteps": 3,
                "difficulty": 12,
                "method": "rs",
                "tutorial":"true"
                }
            }
    },
    "2" : {
        "position" : [2,0,-2],
        "dimension": [ 1, 1, 1 ],
        "color": [ 0.2, 0.3, 0.5, 1 ],
        "puzzle type": "transform limitation",

        "levelNum":4,
        "levels":{
            "0":{
                "blockNum": 4,
                "baicSteps": 1,
                "difficulty": 9,
                "method": "r"
                },
            "1":{
                "blockNum": 5,
                "baicSteps": 2,
                "difficulty": 6,
                "method": "r"
                },
            "2":{
                "blockNum": 7,
                "baicSteps": 2,
                "difficulty": 3,
                "method": "r"
                },
            "3":{
                "blockNum": 9,
                "baicSteps": 3,
                "difficulty": 2,
                "method": "r"
                }
            }
    },
    "3" : {
        "position" : [2,0,-3],
        "dimension": [ 1, 1, 1 ],
        "color": [ 0.2, 0.3, 0.5, 1 ],
        "puzzle type": "transform limitation",

        "levelNum":4,
        "levels":{
            "0":{
                "blockNum": 5,
                "baicSteps": 1,
                "difficulty": 9,
                "method": "s"
                },
            "1":{
                "blockNum": 5,
                "baicSteps": 1,
                "difficulty": 4,
                "method": "s"
                },
            "2":{
                "blockNum": 7,
                "baicSteps": 1,
                "difficulty": 4,
                "method": "s"
                },
            "3":{
                "blockNum": 9,
                "baicSteps": 2,
                "difficulty": 2,
                "method": "s"
                }
            }
    },
    "4" : {
        "position" : [2,0,-4],
        "dimension": [ 1, 1, 1 ],
        "color": [ 0.2, 0.3, 0.5, 1 ],
        "puzzle type": "transform limitation",

        "levelNum":6,
        "levels":{
            "0":{
                "blockNum": 4,
                "baicSteps": 3,
                "difficulty": 7,
                "method": "rs"
                } ,
            "1":{
                "blockNum": 7,
                "baicSteps": 3,
                "difficulty": 5,
                "method": "rs"
                } ,
            "2":{
                "blockNum": 8,
                "baicSteps": 3,
                "difficulty": 1,
                "method": "rs"
                } ,
            "3":{
                "blockNum": 8,
                "baicSteps": 4,
                "difficulty": 0,
                "method": "rs"
                } ,
            "4":{
                "blockNum": 12,
                "baicSteps": 5,
                "difficulty": 3,
                "method": "rs"
                } ,
            "5":{
                "blockNum": 14,
                "baicSteps": 5,
                "difficulty": 0,
                "method": "rs"
                }
            }
    },
}