{
    "0" : {
        "position": [0, 0 ,0],
        "dimension": [3, 3, 3],
        "color": [1, 0.8, 1, 1],
        "puzzle type": "none",
        "unlock on start": [1]
    },
    "1" : {
        "position": [0,0,3],
        "dimension": [1,1,1],
        "color": [1,1,0,1],
        "doors to unlock": [[1,2]],
        "puzzle type": "block builder",

        "size": {
            "x": 3,
            "z": 3
        },
        "maxHeight": 5,
        "height": [[0,0,0],[0,1,0],[0,0,0]]
    },
    "2" : {
        "position": [0,0,4],
        "dimension": [1,1,1],
        "color": [1,1,0,1],
        "puzzle type": "block builder",

        "size": {
            "x": 3,
            "z": 3
        },
        "maxHeight": 5,
        "height": [[1,1,1],[0,0,0],[0,0,0]]
    },
    "3" : {
        "position": [0,0,5],
        "dimension": [1,1,1],
        "color": [1,1,0,1],
        "puzzle type": "block builder",

        "size": {
            "x": 3,
            "z": 3
        },
        "maxHeight": 5,
        "height": [[0,0,2],[0,0,2],[0,0,2]]
    },
    "4" : {
        "position": [0,0,6],
        "dimension": [1,1,1],
        "color": [1,1,0,1],
        "puzzle type": "block builder",

        "size": {
            "x": 3,
            "z": 3
        },
        "maxHeight": 5,
        "height": [[3,3,0],[0,0,3],[0,0,3]]
    },
    "5" : {
        "position": [0,0,7],
        "dimension": [1,1,1],
        "color": [0.9,0.6,0.5,1],
        "puzzle type": "block builder",

        "size": {
            "x": 3,
            "z": 3
        },
        "maxHeight": 5,
        "height": [[0,0,5],[3,3,0],[3,3,0]]
    },
     "6" : {
        "position": [0,0,8],
        "dimension": [1,1,1],
        "color": [1,0.8,0.5,1],
        "puzzle type": "block builder",
        "doors to unlock": [[0,7]],

        "size": {
            "x": 3,
            "z": 3
        },
        "maxHeight": 5,
        "height": [[5,5,5],[1,1,4],[1,1,4]]
    },


     "7" : {
        "position": [2,0,3],
        "dimension": [1,1,1],
        "color": [0.2,0.3,0.5,1],
        "puzzle type": "block builder",

        "size": {
            "x": 3,
            "z": 3
        },
        "maxHeight": 5,
        "height": [[0,0,0],[1,2,3],[0,0,0]]
    },
    "8": {
        "position": [2, 0, 4 ],
        "dimension": [ 1, 1, 1 ],
        "color": [ 0.2, 0.3, 0.5, 1 ],
        "puzzle type": "block builder",

        "size": {
            "x": 3,
            "z": 3
        },
        "maxHeight": 5,
        "height": [[2,4,5],[0,0,0],[1,1,1]]
    },
    "9": {
        "position": [ 2, 0, 5],
        "dimension": [ 1, 1, 1 ],
        "color": [ 0.2, 0.4, 0.6, 1 ],
        "puzzle type": "block builder",
        "doors to unlock": [[0,10]],

        "size": {
            "x": 3,
            "z": 3
        },
        "maxHeight": 5,
        "height": [[2,0,5],[2,0,3],[2,0,2]]
    },

    "10" : {
        "position": [0,0,-1],
        "dimension": [1,1,1],
        "color": [1,1,0,1],
        "puzzle type": "block builder",

        "size": {
            "x": 3,
            "z": 3
        },
        "maxHeight": 5,
        "height": [[0,0,0],[2,1,0],[0,0,0]]
    },
    "11" : {
        "position": [0,0,-2],
        "dimension": [1,1,1],
        "color": [1,1,0,1],
        "puzzle type": "block builder",

        "size": {
            "x": 3,
            "z": 3
        },
        "maxHeight": 5,
        "height": [[4,3,2],[4,3,2],[4,3,2]]
    },
    "12" : {
        "position": [0,0,-3],
        "dimension": [1,1,1],
        "color": [1,1,0,1],
        "puzzle type": "block builder",

        "size": {
            "x": 3,
            "z": 3
        },
        "maxHeight": 5,
        "height": [[1,1,1],[3,3,3],[5,5,5]]
    },
    "13" : {
        "position": [0,0,-4],
        "dimension": [1,1,1],
        "color": [1,1,0,1],
        "puzzle type": "block builder",

        "size": {
            "x": 3,
            "z": 3
        },
        "maxHeight": 5,
        "height": [[0,0,0],[2,1,3],[0,0,0]]
    },
    "14" : {
        "position": [0,0,-5],
        "dimension": [1,1,1],
        "color": [1,1,0,1],
        "puzzle type": "block builder",

        "size": {
            "x": 3,
            "z": 3
        },
        "maxHeight": 5,
        "height": [[0,5,0],[0,3,0],[0,4,0]]
    },
    "15" : {
        "position": [0,0,-6],
        "dimension": [1,1,1],
        "color": [1,1,0,1],
        "puzzle type": "block builder",
        "doors to unlock": [[0,16]],

        "size": {
            "x": 3,
            "z": 3
        },
        "maxHeight": 5,
        "height": [[4,2,4],[2,2,2],[4,2,4]]
    },

    "16" : {
        "position": [3,0,0],
        "dimension": [1,1,1],
        "color": [1,1,0,1],
        "puzzle type": "block builder",

        "size": {
            "x": 3,
            "z": 3
        },
        "maxHeight": 5,
        "height": [[3,4,5],[2,3,4],[1,2,3]]
    },
    "17" : {
        "position": [4,0,0],
        "dimension": [1,1,1],
        "color": [1,1,0,1],
        "puzzle type": "block builder",

        "size": {
            "x": 3,
            "z": 3
        },
        "maxHeight": 5,
        "height": [[2,1,0],[3,2,1],[4,3,2]]
    },
    "18" : {
        "position": [5,0,0],
        "dimension": [1,1,1],
        "color": [1,1,0,1],
        "puzzle type": "block builder",

        "size": {
            "x": 3,
            "z": 3
        },
        "maxHeight": 5,
        "height": [[0,1,2],[3,0,3],[4,5,4]]
    },
    "19" : {
        "position": [6,0,0],
        "dimension": [1,1,1],
        "color": [1,1,0,1],
        "puzzle type": "block builder",

        "size": {
            "x": 3,
            "z": 3
        },
        "maxHeight": 5,
        "height": [[4,1,2],[3,5,3],[0,3,1]]
    },
    "20" : {
        "position": [7,0,0],
        "dimension": [1,1,1],
        "color": [1,1,0,1],
        "puzzle type": "block builder",

        "size": {
            "x": 3,
            "z": 3
        },
        "maxHeight": 5,
        "height": [[5,1,2],[2,0,3],[1,3,4]]
    }
}