{
    "0" : {
        "position": [0, 0 ,0],
        "dimension": [3, 3, 3],
        "color": [1, 0.8, 1, 1],
        "puzzle type": "none",
        "unlock on start": [1]
    },
    "1" : {
        "position" : [2,0,3],
        "dimension": [ 1, 1, 2 ],
        "color": [ 0.9, 0.6, 0.5, 1 ],
        "puzzle type": "view point",
        "doors to unlock": [[1,2]],

        "levelNum":4,
        "levels":{
            "0":{
                "solidNum":4,
                "method":"d"
                },
            "1":{
                "solidNum":4,
                "method":"d"
                },
            "2":{
                "solidNum":6,
                "method":"d"
                },
            "3":{
                "solidNum":5,
                "method":"d"
                }
            }

    },
    "2" : {
        "position" : [2,-1,4],
        "dimension": [ 1, 1, 1 ],
        "color": [ 0.9, 0.6, 0.5, 1 ],
        "puzzle type": "view point",

        "levelNum":4,
        "levels":{
            "0":{
                "solidNum":5,
                "method":"r"
                },
            "1":{
                "solidNum":7,
                "method":"r"
                },
            "2":{
                "solidNum":7,
                "method":"r"
                },
            "3":{
                "solidNum":8,
                "method":"r"
                }
            }
    },
    "3" : {
        "position" : [2,-1,5],
        "dimension": [ 1, 1, 1 ],
        "color": [ 0.9, 0.6, 0.5, 1 ],
        "puzzle type": "view point",

        "levelNum":4,
        "levels":{
            "0":{
                "solidNum":7,
                "method":"s"
                },
            "1":{
                "solidNum":6,
                "method":"s"
                },
            "2":{
                "solidNum":5,
                "method":"s"
                },
            "3":{
                "solidNum":4,
                "method":"s"
                }
            }
    }
}