{
    "0" : {
        "position": [0, 0 ,0],
        "dimension": [3, 3, 3],
        "color": [1, 0.8, 1, 1],
        "puzzle type": "none",
        "unlock on start": [1]
    },
    "1" : {
        "position" : [3,0,0],
        "dimension": [ 1, 1, 1 ],
        "color": [ 1, 0.8, 0.5, 1],
        "puzzle type": "plane exploration",
        "unlock on start": [2],

        "level": 0
    },
    "2" : {
        "position" : [4,0,0],
        "dimension": [ 1, 1, 1 ],
        "color": [ 1, 0.8, 0.5, 1],
        "puzzle type": "plane exploration",

        "level": 1
    },
    "3" : {
        "position" : [5,0,0],
        "dimension": [ 1, 1, 1 ],
        "color": [ 1, 0.8, 0.5, 1],
        "puzzle type": "plane exploration",

        "level": 2
    },
    "4" : {
        "position" : [6,0,0],
        "dimension": [ 1, 1, 1 ],
        "color": [ 1, 0.8, 0.5, 1],
        "puzzle type": "plane exploration",

        "level": 3
    },
    "5" : {
        "position" : [7,0,0],
        "dimension": [ 1, 1, 1 ],
        "color": [ 1, 0.8, 0.5, 1],
        "puzzle type": "plane exploration",

        "level": 4
    },
    "6" : {
        "position" : [6,0,-1],
        "dimension": [ 1, 1, 1 ],
        "color": [ 1, 0.8, 0.5, 1],
        "puzzle type": "plane exploration",

        "level": 5
    },
    "7" : {
        "position" : [6,0,-2],
        "dimension": [ 1, 1, 1 ],
        "color": [ 1, 0.8, 0.5, 1],
        "puzzle type": "plane exploration",

        "level": 6
    },
    "8" : {
        "position" : [8,0,0],
        "dimension": [ 1, 1, 1 ],
        "color": [ 1, 0.8, 0.5, 1],
        "puzzle type": "plane exploration",

        "level": 7
    },
     "9" : {
        "position" : [9,0,0],
        "dimension": [ 1, 1, 1 ],
        "color": [ 1, 0.8, 0.5, 1],
        "puzzle type": "plane exploration",

        "level": 8
    }
}