{
    "0" : {
        "position": [0, 0 ,0],
        "dimension": [3, 3, 3],
        "color": [1, 0.8, 1, 1],
		"puzzle type": "none",
		"unlock on start": [4]
	},

		
	"4": {
        "position" : [3,0,1],
        "dimension": [ 1, 1, 1 ],
        "color": [ 0.2, 0.4, 0.6, 1 ],
		"puzzle type": "CSG",
		"isTutorial": true,

		"objects": {
			"Cube": {
				"pos": [-2,2,0],
				"type": "cube"
			},
			"Sphere": {
				"pos": [-2,-2,0],
				"scale": [1.3,1.3,1.3],
				"type": "sphere"
			}
		},
		"target":  {
			"name": "Cube - Sphere x 1.3"
		}

	},

    "1" : {
        "position" : [3,0,2],
        "dimension": [ 1, 1, 1 ],
        "color": [ 0.2, 0.4, 0.6, 1 ],
        "puzzle type": "CSG",

		"objects": {
			"Cube": {
				"pos": [-1,0,0],
				"type": "cube"
			}
		},
		"target":  {
			"name": "Cube"
		}
    },
    "2" : {
        "position" : [4,0,2],
        "dimension": [ 1, 1, 1 ],
        "color": [ 0.2, 0.4, 0.6, 1 ],
        "puzzle type": "CSG",

        "objects": {
			"Cylinder": {
				"pos": [-2,-2,0],
				"scale": [1.5,1.5,1.5],
				"direction": "Y",
				"type": "cylinder"
			},
			"Sphere": {
				"pos": [2,1,0],
				"scale": [2,2,2],
				"type": "sphere"
			}
		},
		"target":  {
			"name": "sphx2 - cylx1.5",
			"scale": [2,2,2]
		}
    },
    "3" : {
        "position" : [4,0,3],
        "dimension": [ 1, 1, 1 ],
        "color": [ 0.2, 0.4, 0.6, 1 ],
        "puzzle type": "CSG",

        "objects": {
			"Cube": {
				"pos": [2,2,0],
				"type": "cube"
			},
			"Sphere": {
				"pos": [-2.5,-2.5,0.5],
				"scale": [1,1,1],
				"type": "sphere"
			},
			"Cube1": {
				"pos": [2,-2,0],
				"type": "cube"
			}
		},
		"target":  {
			"name": "cube + cube - sph"
		}
	}
}
